state,joint_action,reward,time_left,score,time_elapsed,cur_gameloop,layout,layout_name,trial_id,player_0_id,player_1_id,player_0_is_human,player_1_is_human,final_score
"{""players"": [{""position"": [7, 3], ""orientation"": [0, -1], ""held_object"": null}, {""position"": [3, 3], ""orientation"": [0, -1], ""held_object"": null}], ""objects"": [], ""bonus_orders"": [{""ingredients"": [""onion"", ""onion"", ""onion""]}], ""all_orders"": [{""ingredients"": [""onion"", ""onion"", ""onion""]}, {""ingredients"": [""tomato"", ""tomato"", ""tomato""]}], ""timestep"": 0}","[""interact"", ""interact""]",0,59.83588743209839,0,0.1641137599945068,1,"[[""X"", ""X"", ""X"", ""X"", ""X"", ""X"", ""X"", ""X"", ""X"", ""X"", ""X"", ""O"", ""X""], [""X"", "" "", "" "", "" "", "" "", ""X"", ""T"", ""T"", ""X"", "" "", "" "", "" "", ""X""], [""X"", ""X"", ""X"", "" "", "" "", ""P"", "" "", "" "", "" "", "" "", ""X"", ""X"", ""X""], [""S"", "" "", "" "", "" "", "" "", ""P"", "" "", "" "", "" "", "" "", "" "", "" "", ""X""], [""X"", ""X"", ""X"", ""X"", ""D"", ""X"", ""T"", ""T"", ""X"", ""X"", ""X"", ""X"", ""X""]]",marshmallow_experiment_coordination,A3V2XCDF45VN9X:3QIYRE09Y8OLP5G51NIEAVSQ9SCN111604699138.8444746,52e11ceac0c447e380e68d99e5b6069c,8e1ffcbf404d4a879654511ef7e4f18f,True,True,282
"{""players"": [{""position"": [7, 3], ""orientation"": [0, -1], ""held_object"": null}, {""position"": [7, 1], ""orientation"": [0, -1], ""held_object"": null}], ""objects"": [], ""bonus_orders"": [{""ingredients"": [""tomato""]}, {""ingredients"": [""tomato"", ""tomato""]}, {""ingredients"": [""onion"", ""tomato""]}], ""all_orders"": [{""ingredients"": [""onion"", ""onion"", ""onion""]}, {""ingredients"": [""tomato""]}, {""ingredients"": [""tomato"", ""tomato""]}, {""ingredients"": [""tomato"", ""tomato"", ""tomato""]}, {""ingredients"": [""onion"", ""tomato""]}], ""timestep"": 0}","[[0, 0], [0, 0]]",0,59.839518547058105,0,0.1604828834533691,1,"[[""X"", ""T"", ""P"", ""X"", ""X"", ""X"", ""X"", ""S"", ""X""], [""D"", "" "", "" "", "" "", "" "", "" "", "" "", "" "", ""X""], [""X"", ""X"", ""X"", ""X"", "" "", ""X"", ""X"", ""X"", ""X""], [""D"", "" "", "" "", "" "", "" "", "" "", "" "", "" "", ""X""], [""X"", ""O"", ""P"", ""X"", ""X"", ""X"", ""X"", ""S"", ""X""]]",cramped_corridor,A1XC7F8OV6NOFN:3X4JMASXCRGJH76Q2E955V9MNBSB0X1604700824.2858803,f2187186521f4f678f29eef7d662e46c,86c93dd9be36430f8b55efb2225e50c3,True,True,248
"{""players"": [{""position"": [2, 2], ""orientation"": [0, -1], ""held_object"": null}, {""position"": [10, 2], ""orientation"": [0, -1], ""held_object"": null}], ""objects"": [], ""bonus_orders"": [{""ingredients"": [""onion"", ""onion"", ""tomato""]}, {""ingredients"": [""onion"", ""tomato"", ""tomato""]}], ""all_orders"": [{""ingredients"": [""onion""]}, {""ingredients"": [""onion"", ""onion""]}, {""ingredients"": [""tomato""]}, {""ingredients"": [""tomato"", ""tomato"", ""tomato""]}, {""ingredients"": [""onion"", ""onion"", ""tomato""]}, {""ingredients"": [""onion"", ""tomato"", ""tomato""]}], ""timestep"": 0}","[[0, 0], [0, 0]]",0,59.83557510375977,0,0.1644260883331298,1,"[[""X"", ""X"", ""X"", ""X"", ""X"", ""S"", ""S"", ""S"", ""X"", ""X"", ""X"", ""X"", ""X""], [""X"", ""X"", ""T"", ""S"", ""S"", ""S"", "" "", ""S"", ""S"", ""S"", ""O"", ""X"", ""X""], [""P"", "" "", "" "", "" "", "" "", "" "", "" "", "" "", "" "", "" "", "" "", "" "", ""P""], [""X"", ""X"", ""D"", ""S"", ""S"", ""S"", ""S"", ""S"", ""S"", ""S"", ""D"", ""X"", ""X""]]",you_shall_not_pass,A191V7PT3DQKDP:3PWWM24LHX57BJBXEPT9XHC0C3R82F1604698918.7803566,6eeb90a3ecee4c7c9d2c954177bfbc45,6503606913484adc98a4280b2ddde43b,True,True,81
"{""players"": [{""position"": [7, 3], ""orientation"": [0, -1], ""held_object"": null}, {""position"": [3, 3], ""orientation"": [0, -1], ""held_object"": null}], ""objects"": [], ""bonus_orders"": [{""ingredients"": [""onion"", ""onion"", ""onion""]}], ""all_orders"": [{""ingredients"": [""onion"", ""onion"", ""onion""]}, {""ingredients"": [""tomato"", ""tomato"", ""tomato""]}], ""timestep"": 0}","[""interact"", [0, 0]]",0,59.837477922439575,0,0.1625242233276367,1,"[[""X"", ""X"", ""X"", ""X"", ""X"", ""X"", ""X"", ""X"", ""X"", ""X"", ""X"", ""O"", ""X""], [""X"", "" "", "" "", "" "", "" "", ""X"", ""T"", ""T"", ""X"", "" "", "" "", "" "", ""X""], [""X"", ""X"", ""X"", "" "", "" "", ""P"", "" "", "" "", "" "", "" "", ""X"", ""X"", ""X""], [""S"", "" "", "" "", "" "", "" "", ""P"", "" "", "" "", "" "", "" "", "" "", "" "", ""X""], [""X"", ""X"", ""X"", ""X"", ""D"", ""X"", ""T"", ""T"", ""X"", ""X"", ""X"", ""X"", ""X""]]",marshmallow_experiment_coordination,A26GRGF6M1S5W9:3P529IW9K3SMRK7SW9HKM5SV5OSFLN1604530992.609559,c4b66a5043134beaa031acec0f887054,aca4aa4c54f94fefa3a73e14ff761ead,True,True,282
"{""players"": [{""position"": [7, 3], ""orientation"": [0, -1], ""held_object"": null}, {""position"": [7, 1], ""orientation"": [0, -1], ""held_object"": null}], ""objects"": [], ""bonus_orders"": [{""ingredients"": [""tomato""]}, {""ingredients"": [""tomato"", ""tomato""]}, {""ingredients"": [""onion"", ""tomato""]}], ""all_orders"": [{""ingredients"": [""onion"", ""onion"", ""onion""]}, {""ingredients"": [""tomato""]}, {""ingredients"": [""tomato"", ""tomato""]}, {""ingredients"": [""tomato"", ""tomato"", ""tomato""]}, {""ingredients"": [""onion"", ""tomato""]}], ""timestep"": 0}","[[0, 0], [0, 0]]",0,59.83588981628418,0,0.1641113758087158,1,"[[""X"", ""T"", ""P"", ""X"", ""X"", ""X"", ""X"", ""S"", ""X""], [""D"", "" "", "" "", "" "", "" "", "" "", "" "", "" "", ""X""], [""X"", ""X"", ""X"", ""X"", "" "", ""X"", ""X"", ""X"", ""X""], [""D"", "" "", "" "", "" "", "" "", "" "", "" "", "" "", ""X""], [""X"", ""O"", ""P"", ""X"", ""X"", ""X"", ""X"", ""S"", ""X""]]",cramped_corridor,A28AXX4NCWPH1F:3XLBSAQ9Z9JTHG9QTRAH6SQCMSK7ZZ1604700267.2501693,c245749956cd48078844bfd267e179e4,e0769b1a93a24044bc14453ca855760a,True,True,248
"{""players"": [{""position"": [7, 3], ""orientation"": [0, -1], ""held_object"": null}, {""position"": [7, 1], ""orientation"": [0, -1], ""held_object"": null}], ""objects"": [], ""bonus_orders"": [{""ingredients"": [""tomato""]}, {""ingredients"": [""tomato"", ""tomato""]}, {""ingredients"": [""onion"", ""tomato""]}], ""all_orders"": [{""ingredients"": [""onion"", ""onion"", ""onion""]}, {""ingredients"": [""tomato""]}, {""ingredients"": [""tomato"", ""tomato""]}, {""ingredients"": [""tomato"", ""tomato"", ""tomato""]}, {""ingredients"": [""onion"", ""tomato""]}], ""timestep"": 0}","[[0, 0], [0, 0]]",0,59.83558773994446,0,0.1644136905670166,1,"[[""X"", ""T"", ""P"", ""X"", ""X"", ""X"", ""X"", ""S"", ""X""], [""D"", "" "", "" "", "" "", "" "", "" "", "" "", "" "", ""X""], [""X"", ""X"", ""X"", ""X"", "" "", ""X"", ""X"", ""X"", ""X""], [""D"", "" "", "" "", "" "", "" "", "" "", "" "", "" "", ""X""], [""X"", ""O"", ""P"", ""X"", ""X"", ""X"", ""X"", ""S"", ""X""]]",cramped_corridor,A1OWYFBN35SFTT:3B837J3LDT36YN7R7DEFFGK906BSR91604528775.2123187,7f963b42cbe04bb898d4f7a74b0a1afa,4bb18ba156db4c78820887b5bd62ae3e,True,True,248
"{""players"": [{""position"": [8, 2], ""orientation"": [0, -1], ""held_object"": null}, {""position"": [2, 2], ""orientation"": [0, -1], ""held_object"": null}], ""objects"": [], ""bonus_orders"": [{""ingredients"": [""onion""]}, {""ingredients"": [""tomato""]}, {""ingredients"": [""tomato"", ""tomato"", ""tomato""]}, {""ingredients"": [""onion"", ""onion"", ""tomato""]}], ""all_orders"": [{""ingredients"": [""onion""]}, {""ingredients"": [""tomato""]}, {""ingredients"": [""tomato"", ""tomato"", ""tomato""]}, {""ingredients"": [""onion"", ""tomato""]}, {""ingredients"": [""onion"", ""onion"", ""tomato""]}], ""timestep"": 0}","[[0, 0], ""interact""]",0,59.83721256256104,0,0.1627888679504394,1,"[[""X"", ""X"", ""X"", ""D"", ""T"", ""X"", ""O"", ""X"", ""X"", ""X"", ""X""], [""X"", "" "", "" "", "" "", "" "", ""X"", "" "", "" "", "" "", "" "", ""X""], [""S"", "" "", "" "", "" "", "" "", ""P"", "" "", "" "", "" "", "" "", ""S""], [""X"", "" "", "" "", "" "", "" "", ""X"", "" "", "" "", "" "", "" "", ""X""], [""X"", ""X"", ""X"", ""X"", ""O"", ""X"", ""T"", ""D"", ""X"", ""X"", ""X""]]",soup_coordination,A1P47Q6LZPLQ6P:3PQMUDRV7WD4BA1CCEQSXMDV4VTII81604699646.9291587,1a21cec3b18e4510991d7797a6572cfb,7945a8d10e974b6bb1011fc0f58365c6,True,True,214
"{""players"": [{""position"": [7, 3], ""orientation"": [0, -1], ""held_object"": null}, {""position"": [3, 3], ""orientation"": [0, -1], ""held_object"": null}], ""objects"": [], ""bonus_orders"": [{""ingredients"": [""onion"", ""onion"", ""onion""]}], ""all_orders"": [{""ingredients"": [""onion"", ""onion"", ""onion""]}, {""ingredients"": [""tomato"", ""tomato"", ""tomato""]}], ""timestep"": 0}","[[0, 0], [0, 0]]",0,59.83744072914124,0,0.1625604629516601,1,"[[""X"", ""X"", ""X"", ""X"", ""X"", ""X"", ""X"", ""X"", ""X"", ""X"", ""X"", ""O"", ""X""], [""X"", "" "", "" "", "" "", "" "", ""X"", ""T"", ""T"", ""X"", "" "", "" "", "" "", ""X""], [""X"", ""X"", ""X"", "" "", "" "", ""P"", "" "", "" "", "" "", "" "", ""X"", ""X"", ""X""], [""S"", "" "", "" "", "" "", "" "", ""P"", "" "", "" "", "" "", "" "", "" "", "" "", ""X""], [""X"", ""X"", ""X"", ""X"", ""D"", ""X"", ""T"", ""T"", ""X"", ""X"", ""X"", ""X"", ""X""]]",marshmallow_experiment_coordination,A1G34TESSXG1R8:3TAYZSBPLQFPU3Q6SNZEE8C1OYC2SP1604704544.0264945,65bd15bcaca64888bdeb2b1caf99d096,4fe0e5b45e12404eb93ddca2809ec128,True,True,282
"{""players"": [{""position"": [2, 2], ""orientation"": [0, -1], ""held_object"": null}, {""position"": [10, 2], ""orientation"": [0, -1], ""held_object"": null}], ""objects"": [], ""bonus_orders"": [{""ingredients"": [""onion"", ""onion"", ""tomato""]}, {""ingredients"": [""onion"", ""tomato"", ""tomato""]}], ""all_orders"": [{""ingredients"": [""onion""]}, {""ingredients"": [""onion"", ""onion""]}, {""ingredients"": [""tomato""]}, {""ingredients"": [""tomato"", ""tomato"", ""tomato""]}, {""ingredients"": [""onion"", ""onion"", ""tomato""]}, {""ingredients"": [""onion"", ""tomato"", ""tomato""]}], ""timestep"": 0}","[[0, 0], [0, 0]]",0,59.99825119972229,0,0.0017499923706054,1,"[[""X"", ""X"", ""X"", ""X"", ""X"", ""S"", ""S"", ""S"", ""X"", ""X"", ""X"", ""X"", ""X""], [""X"", ""X"", ""T"", ""S"", ""S"", ""S"", "" "", ""S"", ""S"", ""S"", ""O"", ""X"", ""X""], [""P"", "" "", "" "", "" "", "" "", "" "", "" "", "" "", "" "", "" "", "" "", "" "", ""P""], [""X"", ""X"", ""D"", ""S"", ""S"", ""S"", ""S"", ""S"", ""S"", ""S"", ""D"", ""X"", ""X""]]",you_shall_not_pass,A2MUCL20GTQJA0:3L70J4KAZLT8XH2S8CX4PR9ZZIGDAX1604701063.2499535,33206ea07def415e832cc739a70e26fc,9452cdd0fff64b0ab78bb5d7b2f03cdf,True,True,81
"{""players"": [{""position"": [8, 3], ""orientation"": [0, -1], ""held_object"": null}, {""position"": [4, 3], ""orientation"": [0, -1], ""held_object"": null}], ""objects"": [], ""bonus_orders"": [{""ingredients"": [""onion"", ""onion"", ""onion""]}], ""all_orders"": [{""ingredients"": [""onion""]}, {""ingredients"": [""onion"", ""onion"", ""onion""]}, {""ingredients"": [""tomato""]}, {""ingredients"": [""tomato"", ""tomato"", ""tomato""]}, {""ingredients"": [""onion"", ""onion"", ""tomato""]}], ""timestep"": 0}","[[0, 0], [0, 0]]",0,59.83595848083496,0,0.1640455722808838,1,"[[""X"", ""O"", ""X"", ""X"", ""X"", ""X"", ""X"", ""X"", ""X"", ""X"", ""X"", ""O"", ""X""], [""X"", "" "", "" "", "" "", "" "", "" "", ""X"", "" "", "" "", "" "", "" "", "" "", ""X""], [""X"", ""X"", ""X"", ""X"", "" "", "" "", ""D"", "" "", "" "", ""X"", ""X"", ""X"", ""X""], [""X"", ""X"", ""S"", "" "", "" "", "" "", ""P"", "" "", "" "", "" "", ""S"", ""X"", ""X""], [""X"", ""X"", ""X"", ""X"", ""X"", ""T"", ""X"", ""T"", ""X"", ""X"", ""X"", ""X"", ""X""]]",inverse_marshmallow_experiment,A272X64FOZFYLB:35H6S234SF7C62BW3TY9BAJLNU065L1603505764.3016841,7bbbf97ebe834f91ae43f1e84778e95f,3d26d51ffbb744cb9d851c624597b4a2,True,True,199
"{""players"": [{""position"": [7, 3], ""orientation"": [0, -1], ""held_object"": null}, {""position"": [7, 1], ""orientation"": [0, -1], ""held_object"": null}], ""objects"": [], ""bonus_orders"": [{""ingredients"": [""tomato""]}, {""ingredients"": [""tomato"", ""tomato""]}, {""ingredients"": [""onion"", ""tomato""]}], ""all_orders"": [{""ingredients"": [""onion"", ""onion"", ""onion""]}, {""ingredients"": [""tomato""]}, {""ingredients"": [""tomato"", ""tomato""]}, {""ingredients"": [""tomato"", ""tomato"", ""tomato""]}, {""ingredients"": [""onion"", ""tomato""]}], ""timestep"": 0}","[[0, -1], [0, 0]]",0,59.83630442619325,0,0.1636967658996582,1,"[[""X"", ""T"", ""P"", ""X"", ""X"", ""X"", ""X"", ""S"", ""X""], [""D"", "" "", "" "", "" "", "" "", "" "", "" "", "" "", ""X""], [""X"", ""X"", ""X"", ""X"", "" "", ""X"", ""X"", ""X"", ""X""], [""D"", "" "", "" "", "" "", "" "", "" "", "" "", "" "", ""X""], [""X"", ""O"", ""P"", ""X"", ""X"", ""X"", ""X"", ""S"", ""X""]]",cramped_corridor,A107RJSS561Y7R:3Q5ZZ9ZEVTMZAGUKW8V7VOFCWDI85G1604703209.6815133,e1dfeca129874236befaad8d9e481a3e,6e1413b2cb8544c59eb22023619f2e1a,True,True,248
"{""players"": [{""position"": [6, 2], ""orientation"": [0, -1], ""held_object"": null}, {""position"": [1, 3], ""orientation"": [0, -1], ""held_object"": null}], ""objects"": [], ""bonus_orders"": [{""ingredients"": [""tomato"", ""tomato"", ""tomato""]}, {""ingredients"": [""onion"", ""onion"", ""tomato""]}], ""all_orders"": [{""ingredients"": [""onion"", ""onion"", ""onion""]}, {""ingredients"": [""tomato""]}, {""ingredients"": [""tomato"", ""tomato"", ""tomato""]}, {""ingredients"": [""onion"", ""onion"", ""tomato""]}], ""timestep"": 0}","[[0, 0], [1, 0]]",0,59.83340167999268,0,0.1666018962860107,1,"[[""X"", ""T"", ""X"", ""X"", ""X"", ""X"", ""X"", ""O"", ""X""], [""D"", "" "", ""X"", ""O"", ""X"", ""T"", ""X"", "" "", ""S""], [""X"", "" "", "" "", "" "", ""P"", "" "", "" "", "" "", ""X""], [""X"", "" "", "" "", "" "", ""X"", "" "", "" "", "" "", ""X""], [""X"", ""X"", ""X"", ""S"", ""X"", ""D"", ""X"", ""X"", ""X""]]",asymmetric_advantages_tomato,A2NUGRVI6IEGN7:3483FV8BEJQK75S9LAWBD3G93K962K1603505569.7326994,ece7d01a35a942ff8f5825680483cc66,b8b848570dd641929f27e4b129c3faf4,True,True,186
"{""players"": [{""position"": [2, 2], ""orientation"": [0, -1], ""held_object"": null}, {""position"": [10, 2], ""orientation"": [0, -1], ""held_object"": null}], ""objects"": [], ""bonus_orders"": [{""ingredients"": [""onion"", ""onion"", ""tomato""]}, {""ingredients"": [""onion"", ""tomato"", ""tomato""]}], ""all_orders"": [{""ingredients"": [""onion""]}, {""ingredients"": [""onion"", ""onion""]}, {""ingredients"": [""tomato""]}, {""ingredients"": [""tomato"", ""tomato"", ""tomato""]}, {""ingredients"": [""onion"", ""onion"", ""tomato""]}, {""ingredients"": [""onion"", ""tomato"", ""tomato""]}], ""timestep"": 0}","[[1, 0], [-1, 0]]",0,59.83698391914368,0,0.1630175113677978,1,"[[""X"", ""X"", ""X"", ""X"", ""X"", ""S"", ""S"", ""S"", ""X"", ""X"", ""X"", ""X"", ""X""], [""X"", ""X"", ""T"", ""S"", ""S"", ""S"", "" "", ""S"", ""S"", ""S"", ""O"", ""X"", ""X""], [""P"", "" "", "" "", "" "", "" "", "" "", "" "", "" "", "" "", "" "", "" "", "" "", ""P""], [""X"", ""X"", ""D"", ""S"", ""S"", ""S"", ""S"", ""S"", ""S"", ""S"", ""D"", ""X"", ""X""]]",you_shall_not_pass,A14EYTLSMJRPUK:3SKEMFQBZ8C2SZFN3VZDXDYUT3DK8D1604702064.1601717,6de0d2bfc6dc4be79e05914d4b683efe,72a6e3c31f3d4fffab55b303fc5be648,True,True,81
"{""players"": [{""position"": [2, 2], ""orientation"": [0, -1], ""held_object"": null}, {""position"": [10, 2], ""orientation"": [0, -1], ""held_object"": null}], ""objects"": [], ""bonus_orders"": [{""ingredients"": [""onion"", ""onion"", ""tomato""]}, {""ingredients"": [""onion"", ""tomato"", ""tomato""]}], ""all_orders"": [{""ingredients"": [""onion""]}, {""ingredients"": [""onion"", ""onion""]}, {""ingredients"": [""tomato""]}, {""ingredients"": [""tomato"", ""tomato"", ""tomato""]}, {""ingredients"": [""onion"", ""onion"", ""tomato""]}, {""ingredients"": [""onion"", ""tomato"", ""tomato""]}], ""timestep"": 0}","[[0, 0], [-1, 0]]",0,59.83837890625,0,0.1616225242614746,1,"[[""X"", ""X"", ""X"", ""X"", ""X"", ""S"", ""S"", ""S"", ""X"", ""X"", ""X"", ""X"", ""X""], [""X"", ""X"", ""T"", ""S"", ""S"", ""S"", "" "", ""S"", ""S"", ""S"", ""O"", ""X"", ""X""], [""P"", "" "", "" "", "" "", "" "", "" "", "" "", "" "", "" "", "" "", "" "", "" "", ""P""], [""X"", ""X"", ""D"", ""S"", ""S"", ""S"", ""S"", ""S"", ""S"", ""S"", ""D"", ""X"", ""X""]]",you_shall_not_pass,A1LE6AUI3CJNIT:3PH3VY7DJQ487VAR1ZITY8PTF0QZWO1604526185.5039232,e72e576fbc5948159d81ce8539b3ffac,af0103ca33cf444f98d28ec3660b7f43,True,True,81
"{""players"": [{""position"": [2, 2], ""orientation"": [0, -1], ""held_object"": null}, {""position"": [10, 2], ""orientation"": [0, -1], ""held_object"": null}], ""objects"": [], ""bonus_orders"": [{""ingredients"": [""onion"", ""onion"", ""tomato""]}, {""ingredients"": [""onion"", ""tomato"", ""tomato""]}], ""all_orders"": [{""ingredients"": [""onion""]}, {""ingredients"": [""onion"", ""onion""]}, {""ingredients"": [""tomato""]}, {""ingredients"": [""tomato"", ""tomato"", ""tomato""]}, {""ingredients"": [""onion"", ""onion"", ""tomato""]}, {""ingredients"": [""onion"", ""tomato"", ""tomato""]}], ""timestep"": 0}","[[0, 0], ""interact""]",0,59.83511757850647,0,0.164884328842163,1,"[[""X"", ""X"", ""X"", ""X"", ""X"", ""S"", ""S"", ""S"", ""X"", ""X"", ""X"", ""X"", ""X""], [""X"", ""X"", ""T"", ""S"", ""S"", ""S"", "" "", ""S"", ""S"", ""S"", ""O"", ""X"", ""X""], [""P"", "" "", "" "", "" "", "" "", "" "", "" "", "" "", "" "", "" "", "" "", "" "", ""P""], [""X"", ""X"", ""D"", ""S"", ""S"", ""S"", ""S"", ""S"", ""S"", ""S"", ""D"", ""X"", ""X""]]",you_shall_not_pass,AMTTB8JUWRRM7:30BXRYBRP94MGAAXVDCMY1LOJA9HWG1604524652.2462811,6d7d42f3a8ad41639e3199fd7053aa85,0d5252afe6c7477e84a384ec89f54af7,True,True,81
"{""players"": [{""position"": [8, 2], ""orientation"": [0, -1], ""held_object"": null}, {""position"": [2, 2], ""orientation"": [0, -1], ""held_object"": null}], ""objects"": [], ""bonus_orders"": [{""ingredients"": [""onion""]}, {""ingredients"": [""tomato""]}, {""ingredients"": [""tomato"", ""tomato"", ""tomato""]}, {""ingredients"": [""onion"", ""onion"", ""tomato""]}], ""all_orders"": [{""ingredients"": [""onion""]}, {""ingredients"": [""tomato""]}, {""ingredients"": [""tomato"", ""tomato"", ""tomato""]}, {""ingredients"": [""onion"", ""tomato""]}, {""ingredients"": [""onion"", ""onion"", ""tomato""]}], ""timestep"": 0}","[[0, 0], [0, 0]]",0,59.83598136901856,0,0.1640198230743408,1,"[[""X"", ""X"", ""X"", ""D"", ""T"", ""X"", ""O"", ""X"", ""X"", ""X"", ""X""], [""X"", "" "", "" "", "" "", "" "", ""X"", "" "", "" "", "" "", "" "", ""X""], [""S"", "" "", "" "", "" "", "" "", ""P"", "" "", "" "", "" "", "" "", ""S""], [""X"", "" "", "" "", "" "", "" "", ""X"", "" "", "" "", "" "", "" "", ""X""], [""X"", ""X"", ""X"", ""X"", ""O"", ""X"", ""T"", ""D"", ""X"", ""X"", ""X""]]",soup_coordination,A191V7PT3DQKDP:3PWWM24LHX57BJBXEPT9XHC0C3R82F1604698666.3717837,6eeb90a3ecee4c7c9d2c954177bfbc45,6503606913484adc98a4280b2ddde43b,True,True,214
"{""players"": [{""position"": [8, 3], ""orientation"": [0, -1], ""held_object"": null}, {""position"": [4, 3], ""orientation"": [0, -1], ""held_object"": null}], ""objects"": [], ""bonus_orders"": [{""ingredients"": [""onion"", ""onion"", ""onion""]}], ""all_orders"": [{""ingredients"": [""onion"", ""onion"", ""onion""]}, {""ingredients"": [""tomato"", ""tomato"", ""tomato""]}], ""timestep"": 0}","[""interact"", [0, 0]]",0,59.83670711517334,0,0.1632943153381347,1,"[[""X"", ""X"", ""X"", ""X"", ""X"", ""X"", ""X"", ""X"", ""X"", ""X"", ""X"", ""X"", ""X""], [""O"", "" "", "" "", "" "", ""D"", ""T"", ""X"", ""T"", ""D"", "" "", "" "", "" "", ""O""], [""X"", ""X"", "" "", "" "", "" "", "" "", ""P"", "" "", "" "", "" "", "" "", ""X"", ""X""], [""S"", "" "", "" "", "" "", "" "", "" "", ""P"", "" "", "" "", "" "", "" "", "" "", ""S""], [""X"", ""X"", ""X"", ""X"", ""X"", ""T"", ""X"", ""T"", ""X"", ""X"", ""X"", ""X"", ""X""]]",marshmallow_experiment,A26GRGF6M1S5W9:3P529IW9K3SMRK7SW9HKM5SV5OSFLN1604530929.5774608,c4b66a5043134beaa031acec0f887054,aca4aa4c54f94fefa3a73e14ff761ead,True,True,369
"{""players"": [{""position"": [7, 3], ""orientation"": [0, -1], ""held_object"": null}, {""position"": [7, 1], ""orientation"": [0, -1], ""held_object"": null}], ""objects"": [], ""bonus_orders"": [{""ingredients"": [""tomato""]}, {""ingredients"": [""tomato"", ""tomato""]}, {""ingredients"": [""onion"", ""tomato""]}], ""all_orders"": [{""ingredients"": [""onion"", ""onion"", ""onion""]}, {""ingredients"": [""tomato""]}, {""ingredients"": [""tomato"", ""tomato""]}, {""ingredients"": [""tomato"", ""tomato"", ""tomato""]}, {""ingredients"": [""onion"", ""tomato""]}], ""timestep"": 0}","[[-1, 0], [1, 0]]",0,59.837974071502686,0,0.162027359008789,1,"[[""X"", ""T"", ""P"", ""X"", ""X"", ""X"", ""X"", ""S"", ""X""], [""D"", "" "", "" "", "" "", "" "", "" "", "" "", "" "", ""X""], [""X"", ""X"", ""X"", ""X"", "" "", ""X"", ""X"", ""X"", ""X""], [""D"", "" "", "" "", "" "", "" "", "" "", "" "", "" "", ""X""], [""X"", ""O"", ""P"", ""X"", ""X"", ""X"", ""X"", ""S"", ""X""]]",cramped_corridor,A2MUCL20GTQJA0:3L70J4KAZLT8XH2S8CX4PR9ZZIGDAX1604701312.5820332,33206ea07def415e832cc739a70e26fc,9452cdd0fff64b0ab78bb5d7b2f03cdf,True,True,248
"{""players"": [{""position"": [7, 3], ""orientation"": [0, -1], ""held_object"": null}, {""position"": [7, 1], ""orientation"": [0, -1], ""held_object"": null}], ""objects"": [], ""bonus_orders"": [{""ingredients"": [""tomato""]}, {""ingredients"": [""tomato"", ""tomato""]}, {""ingredients"": [""onion"", ""tomato""]}], ""all_orders"": [{""ingredients"": [""onion"", ""onion"", ""onion""]}, {""ingredients"": [""tomato""]}, {""ingredients"": [""tomato"", ""tomato""]}, {""ingredients"": [""tomato"", ""tomato"", ""tomato""]}, {""ingredients"": [""onion"", ""tomato""]}], ""timestep"": 0}","[[0, 0], [0, 0]]",0,59.9980149269104,0,0.0019865036010742,1,"[[""X"", ""T"", ""P"", ""X"", ""X"", ""X"", ""X"", ""S"", ""X""], [""D"", "" "", "" "", "" "", "" "", "" "", "" "", "" "", ""X""], [""X"", ""X"", ""X"", ""X"", "" "", ""X"", ""X"", ""X"", ""X""], [""D"", "" "", "" "", "" "", "" "", "" "", "" "", "" "", ""X""], [""X"", ""O"", ""P"", ""X"", ""X"", ""X"", ""X"", ""S"", ""X""]]",cramped_corridor,A26GRGF6M1S5W9:3P529IW9K3SMRK7SW9HKM5SV5OSFLN1604530869.4668584,c4b66a5043134beaa031acec0f887054,aca4aa4c54f94fefa3a73e14ff761ead,True,True,248
"{""players"": [{""position"": [2, 2], ""orientation"": [0, -1], ""held_object"": null}, {""position"": [10, 2], ""orientation"": [0, -1], ""held_object"": null}], ""objects"": [], ""bonus_orders"": [{""ingredients"": [""onion"", ""onion"", ""tomato""]}, {""ingredients"": [""onion"", ""tomato"", ""tomato""]}], ""all_orders"": [{""ingredients"": [""onion""]}, {""ingredients"": [""onion"", ""onion""]}, {""ingredients"": [""tomato""]}, {""ingredients"": [""tomato"", ""tomato"", ""tomato""]}, {""ingredients"": [""onion"", ""onion"", ""tomato""]}, {""ingredients"": [""onion"", ""tomato"", ""tomato""]}], ""timestep"": 0}","[[0, 0], [0, 0]]",0,59.83754920959473,0,0.1624526977539062,1,"[[""X"", ""X"", ""X"", ""X"", ""X"", ""S"", ""S"", ""S"", ""X"", ""X"", ""X"", ""X"", ""X""], [""X"", ""X"", ""T"", ""S"", ""S"", ""S"", "" "", ""S"", ""S"", ""S"", ""O"", ""X"", ""X""], [""P"", "" "", "" "", "" "", "" "", "" "", "" "", "" "", "" "", "" "", "" "", "" "", ""P""], [""X"", ""X"", ""D"", ""S"", ""S"", ""S"", ""S"", ""S"", ""S"", ""S"", ""D"", ""X"", ""X""]]",you_shall_not_pass,A3HQXCWOIQKT4F:3L0KT67Y8JNFVOJDL869NCD63TQSYB1604532446.5237346,d58262f883b9409f8a9c98a72567e6b1,2bd54cb8df764baebdd6447d3ccde89b,True,True,81
"{""players"": [{""position"": [8, 3], ""orientation"": [0, -1], ""held_object"": null}, {""position"": [4, 3], ""orientation"": [0, -1], ""held_object"": null}], ""objects"": [], ""bonus_orders"": [{""ingredients"": [""onion"", ""onion"", ""onion""]}], ""all_orders"": [{""ingredients"": [""onion"", ""onion"", ""onion""]}, {""ingredients"": [""tomato"", ""tomato"", ""tomato""]}], ""timestep"": 0}","[[0, 0], [0, 0]]",0,59.9985933303833,0,0.0014097690582275,1,"[[""X"", ""X"", ""X"", ""X"", ""X"", ""X"", ""X"", ""X"", ""X"", ""X"", ""X"", ""X"", ""X""], [""O"", "" "", "" "", "" "", ""D"", ""T"", ""X"", ""T"", ""D"", "" "", "" "", "" "", ""O""], [""X"", ""X"", "" "", "" "", "" "", "" "", ""P"", "" "", "" "", "" "", "" "", ""X"", ""X""], [""S"", "" "", "" "", "" "", "" "", "" "", ""P"", "" "", "" "", "" "", "" "", "" "", ""S""], [""X"", ""X"", ""X"", ""X"", ""X"", ""T"", ""X"", ""T"", ""X"", ""X"", ""X"", ""X"", ""X""]]",marshmallow_experiment,A2GV9WSNSPX53:3WI0P0II66Z0WYO9ANJQKHY9WWQRDM1603480848.2514396,5eb1a58552c046c89a43054113ba3487,776ab6cf4a6a401c873722de999e6d18,True,True,369
"{""players"": [{""position"": [8, 3], ""orientation"": [0, -1], ""held_object"": null}, {""position"": [4, 3], ""orientation"": [0, -1], ""held_object"": null}], ""objects"": [], ""bonus_orders"": [{""ingredients"": [""onion"", ""onion"", ""onion""]}], ""all_orders"": [{""ingredients"": [""onion"", ""onion"", ""onion""]}, {""ingredients"": [""tomato"", ""tomato"", ""tomato""]}], ""timestep"": 0}","[[0, 0], [0, 0]]",0,59.83653354644776,0,0.1634678840637207,1,"[[""X"", ""X"", ""X"", ""X"", ""X"", ""X"", ""X"", ""X"", ""X"", ""X"", ""X"", ""X"", ""X""], [""O"", "" "", "" "", "" "", ""D"", ""T"", ""X"", ""T"", ""D"", "" "", "" "", "" "", ""O""], [""X"", ""X"", "" "", "" "", "" "", "" "", ""P"", "" "", "" "", "" "", "" "", ""X"", ""X""], [""S"", "" "", "" "", "" "", "" "", "" "", ""P"", "" "", "" "", "" "", "" "", "" "", ""S""], [""X"", ""X"", ""X"", ""X"", ""X"", ""T"", ""X"", ""T"", ""X"", ""X"", ""X"", ""X"", ""X""]]",marshmallow_experiment,A3QY65O0HKWG8K:32AT8R96GQGYEFZ8B79KKR7T75FUSF1604523894.5844624,14647d2c943e45408d6dc238ba84582b,e0da18358d0a4258b2291271cda41340,True,True,369
"{""players"": [{""position"": [7, 3], ""orientation"": [0, -1], ""held_object"": null}, {""position"": [7, 1], ""orientation"": [0, -1], ""held_object"": null}], ""objects"": [], ""bonus_orders"": [{""ingredients"": [""tomato""]}, {""ingredients"": [""tomato"", ""tomato""]}, {""ingredients"": [""onion"", ""tomato""]}], ""all_orders"": [{""ingredients"": [""onion"", ""onion"", ""onion""]}, {""ingredients"": [""tomato""]}, {""ingredients"": [""tomato"", ""tomato""]}, {""ingredients"": [""tomato"", ""tomato"", ""tomato""]}, {""ingredients"": [""onion"", ""tomato""]}], ""timestep"": 0}","[""interact"", [0, 0]]",0,59.83544445037842,0,0.1645574569702148,1,"[[""X"", ""T"", ""P"", ""X"", ""X"", ""X"", ""X"", ""S"", ""X""], [""D"", "" "", "" "", "" "", "" "", "" "", "" "", "" "", ""X""], [""X"", ""X"", ""X"", ""X"", "" "", ""X"", ""X"", ""X"", ""X""], [""D"", "" "", "" "", "" "", "" "", "" "", "" "", "" "", ""X""], [""X"", ""O"", ""P"", ""X"", ""X"", ""X"", ""X"", ""S"", ""X""]]",cramped_corridor,A2GOS6NF74E2ST:3BGYGHDBB2RWP498Y8K8NQZXQKX2221604526461.4904127,7f8da35ec41040659813a4df393ee85d,ee859b255b9147f08f75f01d2fd2fdd2,True,True,248
"{""players"": [{""position"": [8, 3], ""orientation"": [0, -1], ""held_object"": null}, {""position"": [4, 3], ""orientation"": [0, -1], ""held_object"": null}], ""objects"": [], ""bonus_orders"": [{""ingredients"": [""onion"", ""onion"", ""onion""]}], ""all_orders"": [{""ingredients"": [""onion""]}, {""ingredients"": [""onion"", ""onion"", ""onion""]}, {""ingredients"": [""tomato""]}, {""ingredients"": [""tomato"", ""tomato"", ""tomato""]}, {""ingredients"": [""onion"", ""onion"", ""tomato""]}], ""timestep"": 0}","[[0, 0], [1, 0]]",0,59.83694791793823,0,0.163053274154663,1,"[[""X"", ""O"", ""X"", ""X"", ""X"", ""X"", ""X"", ""X"", ""X"", ""X"", ""X"", ""O"", ""X""], [""X"", "" "", "" "", "" "", "" "", "" "", ""X"", "" "", "" "", "" "", "" "", "" "", ""X""], [""X"", ""X"", ""X"", ""X"", "" "", "" "", ""D"", "" "", "" "", ""X"", ""X"", ""X"", ""X""], [""X"", ""X"", ""S"", "" "", "" "", "" "", ""P"", "" "", "" "", "" "", ""S"", ""X"", ""X""], [""X"", ""X"", ""X"", ""X"", ""X"", ""T"", ""X"", ""T"", ""X"", ""X"", ""X"", ""X"", ""X""]]",inverse_marshmallow_experiment,A3V2XCDF45VN9X:3QIYRE09Y8OLP5G51NIEAVSQ9SCN111604698886.7282698,52e11ceac0c447e380e68d99e5b6069c,8e1ffcbf404d4a879654511ef7e4f18f,True,True,199
"{""players"": [{""position"": [7, 3], ""orientation"": [0, -1], ""held_object"": null}, {""position"": [7, 1], ""orientation"": [0, -1], ""held_object"": null}], ""objects"": [], ""bonus_orders"": [{""ingredients"": [""tomato""]}, {""ingredients"": [""tomato"", ""tomato""]}, {""ingredients"": [""onion"", ""tomato""]}], ""all_orders"": [{""ingredients"": [""onion"", ""onion"", ""onion""]}, {""ingredients"": [""tomato""]}, {""ingredients"": [""tomato"", ""tomato""]}, {""ingredients"": [""tomato"", ""tomato"", ""tomato""]}, {""ingredients"": [""onion"", ""tomato""]}], ""timestep"": 0}","[[0, 0], [0, 0]]",0,59.83705711364746,0,0.1629443168640136,1,"[[""X"", ""T"", ""P"", ""X"", ""X"", ""X"", ""X"", ""S"", ""X""], [""D"", "" "", "" "", "" "", "" "", "" "", "" "", "" "", ""X""], [""X"", ""X"", ""X"", ""X"", "" "", ""X"", ""X"", ""X"", ""X""], [""D"", "" "", "" "", "" "", "" "", "" "", "" "", "" "", ""X""], [""X"", ""O"", ""P"", ""X"", ""X"", ""X"", ""X"", ""S"", ""X""]]",cramped_corridor,A3FYWUZK52IC2J:3K4J6M3CXJ0B91CJA2YCVCCWCAWGAA1604703444.718134,33f14a543a1049e2801e74d1a16ca8f2,39780a98f47140d781bd95ebeb05a4b4,True,True,248
"{""players"": [{""position"": [6, 2], ""orientation"": [0, -1], ""held_object"": null}, {""position"": [1, 3], ""orientation"": [0, -1], ""held_object"": null}], ""objects"": [], ""bonus_orders"": [{""ingredients"": [""tomato"", ""tomato"", ""tomato""]}, {""ingredients"": [""onion"", ""onion"", ""tomato""]}], ""all_orders"": [{""ingredients"": [""onion"", ""onion"", ""onion""]}, {""ingredients"": [""tomato""]}, {""ingredients"": [""tomato"", ""tomato"", ""tomato""]}, {""ingredients"": [""onion"", ""onion"", ""tomato""]}], ""timestep"": 0}","[[0, 0], [0, 0]]",0,59.99836444854736,0,0.0016367435455322,1,"[[""X"", ""T"", ""X"", ""X"", ""X"", ""X"", ""X"", ""O"", ""X""], [""D"", "" "", ""X"", ""O"", ""X"", ""T"", ""X"", "" "", ""S""], [""X"", "" "", "" "", "" "", ""P"", "" "", "" "", "" "", ""X""], [""X"", "" "", "" "", "" "", ""X"", "" "", "" "", "" "", ""X""], [""X"", ""X"", ""X"", ""S"", ""X"", ""D"", ""X"", ""X"", ""X""]]",asymmetric_advantages_tomato,A73UBWHFPAT7E:340UGXU9D38E67GC52EPVER0699UVK1604528472.1690817,777deef21d544d99a275a4d7b675a090,4d5221289d8847668162a4631e655cf0,True,True,186
"{""players"": [{""position"": [2, 2], ""orientation"": [0, -1], ""held_object"": null}, {""position"": [10, 2], ""orientation"": [0, -1], ""held_object"": null}], ""objects"": [], ""bonus_orders"": [{""ingredients"": [""onion"", ""onion"", ""tomato""]}, {""ingredients"": [""onion"", ""tomato"", ""tomato""]}], ""all_orders"": [{""ingredients"": [""onion""]}, {""ingredients"": [""onion"", ""onion""]}, {""ingredients"": [""tomato""]}, {""ingredients"": [""tomato"", ""tomato"", ""tomato""]}, {""ingredients"": [""onion"", ""onion"", ""tomato""]}, {""ingredients"": [""onion"", ""tomato"", ""tomato""]}], ""timestep"": 0}","[[0, -1], [0, 0]]",0,59.83865189552307,0,0.1613492965698242,1,"[[""X"", ""X"", ""X"", ""X"", ""X"", ""S"", ""S"", ""S"", ""X"", ""X"", ""X"", ""X"", ""X""], [""X"", ""X"", ""T"", ""S"", ""S"", ""S"", "" "", ""S"", ""S"", ""S"", ""O"", ""X"", ""X""], [""P"", "" "", "" "", "" "", "" "", "" "", "" "", "" "", "" "", "" "", "" "", "" "", ""P""], [""X"", ""X"", ""D"", ""S"", ""S"", ""S"", ""S"", ""S"", ""S"", ""S"", ""D"", ""X"", ""X""]]",you_shall_not_pass,A318M33K2896OL:3YDGXNSEO41HEXQKI3CXQW9YWHN84B1604699854.9450963,06946a3b959a47a8bc9df9bf012fbe3a,ba8882a89b3844ee8faae86cf3edf583,True,True,81
"{""players"": [{""position"": [7, 3], ""orientation"": [0, -1], ""held_object"": null}, {""position"": [3, 3], ""orientation"": [0, -1], ""held_object"": null}], ""objects"": [], ""bonus_orders"": [{""ingredients"": [""onion"", ""onion"", ""onion""]}], ""all_orders"": [{""ingredients"": [""onion"", ""onion"", ""onion""]}, {""ingredients"": [""tomato"", ""tomato"", ""tomato""]}], ""timestep"": 0}","[[0, 0], [0, 0]]",0,59.8378586769104,0,0.1621425151824951,1,"[[""X"", ""X"", ""X"", ""X"", ""X"", ""X"", ""X"", ""X"", ""X"", ""X"", ""X"", ""O"", ""X""], [""X"", "" "", "" "", "" "", "" "", ""X"", ""T"", ""T"", ""X"", "" "", "" "", "" "", ""X""], [""X"", ""X"", ""X"", "" "", "" "", ""P"", "" "", "" "", "" "", "" "", ""X"", ""X"", ""X""], [""S"", "" "", "" "", "" "", "" "", ""P"", "" "", "" "", "" "", "" "", "" "", "" "", ""X""], [""X"", ""X"", ""X"", ""X"", ""D"", ""X"", ""T"", ""T"", ""X"", ""X"", ""X"", ""X"", ""X""]]",marshmallow_experiment_coordination,A1XC7F8OV6NOFN:3X4JMASXCRGJH76Q2E955V9MNBSB0X1604700761.1704588,f2187186521f4f678f29eef7d662e46c,86c93dd9be36430f8b55efb2225e50c3,True,True,282
"{""players"": [{""position"": [8, 3], ""orientation"": [0, -1], ""held_object"": null}, {""position"": [4, 3], ""orientation"": [0, -1], ""held_object"": null}], ""objects"": [], ""bonus_orders"": [{""ingredients"": [""onion"", ""onion"", ""onion""]}], ""all_orders"": [{""ingredients"": [""onion"", ""onion"", ""onion""]}, {""ingredients"": [""tomato"", ""tomato"", ""tomato""]}], ""timestep"": 0}","[[0, 0], [0, 0]]",0,59.997395515441895,0,0.0026075839996337,1,"[[""X"", ""X"", ""X"", ""X"", ""X"", ""X"", ""X"", ""X"", ""X"", ""X"", ""X"", ""X"", ""X""], [""O"", "" "", "" "", "" "", ""D"", ""T"", ""X"", ""T"", ""D"", "" "", "" "", "" "", ""O""], [""X"", ""X"", "" "", "" "", "" "", "" "", ""P"", "" "", "" "", "" "", "" "", ""X"", ""X""], [""S"", "" "", "" "", "" "", "" "", "" "", ""P"", "" "", "" "", "" "", "" "", "" "", ""S""], [""X"", ""X"", ""X"", ""X"", ""X"", ""T"", ""X"", ""T"", ""X"", ""X"", ""X"", ""X"", ""X""]]",marshmallow_experiment,A2WWYVKGZZXBOB:3ON104KXQP3S4YM2G6S34CCKBYH4WU1603480992.1366053,27857c3ebbf741dd91dceaa936d4ae2c,8988d0dc157941a09ef687a4237ee593,True,True,369
"{""players"": [{""position"": [6, 2], ""orientation"": [0, -1], ""held_object"": null}, {""position"": [1, 3], ""orientation"": [0, -1], ""held_object"": null}], ""objects"": [], ""bonus_orders"": [{""ingredients"": [""tomato"", ""tomato"", ""tomato""]}, {""ingredients"": [""onion"", ""onion"", ""tomato""]}], ""all_orders"": [{""ingredients"": [""onion"", ""onion"", ""onion""]}, {""ingredients"": [""tomato""]}, {""ingredients"": [""tomato"", ""tomato"", ""tomato""]}, {""ingredients"": [""onion"", ""onion"", ""tomato""]}], ""timestep"": 0}","[[0, 0], [1, 0]]",0,59.83580756187439,0,0.1641936302185058,1,"[[""X"", ""T"", ""X"", ""X"", ""X"", ""X"", ""X"", ""O"", ""X""], [""D"", "" "", ""X"", ""O"", ""X"", ""T"", ""X"", "" "", ""S""], [""X"", "" "", "" "", "" "", ""P"", "" "", "" "", "" "", ""X""], [""X"", "" "", "" "", "" "", ""X"", "" "", "" "", "" "", ""X""], [""X"", ""X"", ""X"", ""S"", ""X"", ""D"", ""X"", ""X"", ""X""]]",asymmetric_advantages_tomato,A2MUCL20GTQJA0:3L70J4KAZLT8XH2S8CX4PR9ZZIGDAX1604701123.3070562,33206ea07def415e832cc739a70e26fc,9452cdd0fff64b0ab78bb5d7b2f03cdf,True,True,186
"{""players"": [{""position"": [8, 2], ""orientation"": [0, -1], ""held_object"": null}, {""position"": [2, 2], ""orientation"": [0, -1], ""held_object"": null}], ""objects"": [], ""bonus_orders"": [{""ingredients"": [""onion""]}, {""ingredients"": [""tomato""]}, {""ingredients"": [""tomato"", ""tomato"", ""tomato""]}, {""ingredients"": [""onion"", ""onion"", ""tomato""]}], ""all_orders"": [{""ingredients"": [""onion""]}, {""ingredients"": [""tomato""]}, {""ingredients"": [""tomato"", ""tomato"", ""tomato""]}, {""ingredients"": [""onion"", ""tomato""]}, {""ingredients"": [""onion"", ""onion"", ""tomato""]}], ""timestep"": 0}","[[0, 0], [0, 0]]",0,59.83561944961548,0,0.1643822193145752,1,"[[""X"", ""X"", ""X"", ""D"", ""T"", ""X"", ""O"", ""X"", ""X"", ""X"", ""X""], [""X"", "" "", "" "", "" "", "" "", ""X"", "" "", "" "", "" "", "" "", ""X""], [""S"", "" "", "" "", "" "", "" "", ""P"", "" "", "" "", "" "", "" "", ""S""], [""X"", "" "", "" "", "" "", "" "", ""X"", "" "", "" "", "" "", "" "", ""X""], [""X"", ""X"", ""X"", ""X"", ""O"", ""X"", ""T"", ""D"", ""X"", ""X"", ""X""]]",soup_coordination,A2BLE02DXLK4PS:36TFCYNS49H15AFN5I880KZVSCFHX91604527295.2802086,a6262668593944199236265c5419fa46,aae64ad8179e4206a9f6ce56df3608ef,True,True,214
"{""players"": [{""position"": [7, 3], ""orientation"": [0, -1], ""held_object"": null}, {""position"": [3, 3], ""orientation"": [0, -1], ""held_object"": null}], ""objects"": [], ""bonus_orders"": [{""ingredients"": [""onion"", ""onion"", ""onion""]}], ""all_orders"": [{""ingredients"": [""onion"", ""onion"", ""onion""]}, {""ingredients"": [""tomato"", ""tomato"", ""tomato""]}], ""timestep"": 0}","[[0, 0], [0, 0]]",0,59.835349559783936,0,0.1646528244018554,1,"[[""X"", ""X"", ""X"", ""X"", ""X"", ""X"", ""X"", ""X"", ""X"", ""X"", ""X"", ""O"", ""X""], [""X"", "" "", "" "", "" "", "" "", ""X"", ""T"", ""T"", ""X"", "" "", "" "", "" "", ""X""], [""X"", ""X"", ""X"", "" "", "" "", ""P"", "" "", "" "", "" "", "" "", ""X"", ""X"", ""X""], [""S"", "" "", "" "", "" "", "" "", ""P"", "" "", "" "", "" "", "" "", "" "", "" "", ""X""], [""X"", ""X"", ""X"", ""X"", ""D"", ""X"", ""T"", ""T"", ""X"", ""X"", ""X"", ""X"", ""X""]]",marshmallow_experiment_coordination,A3QY65O0HKWG8K:32AT8R96GQGYEFZ8B79KKR7T75FUSF1604523957.6785398,14647d2c943e45408d6dc238ba84582b,e0da18358d0a4258b2291271cda41340,True,True,282
"{""players"": [{""position"": [8, 2], ""orientation"": [0, -1], ""held_object"": null}, {""position"": [2, 2], ""orientation"": [0, -1], ""held_object"": null}], ""objects"": [], ""bonus_orders"": [{""ingredients"": [""onion""]}, {""ingredients"": [""tomato""]}, {""ingredients"": [""tomato"", ""tomato"", ""tomato""]}, {""ingredients"": [""onion"", ""onion"", ""tomato""]}], ""all_orders"": [{""ingredients"": [""onion""]}, {""ingredients"": [""tomato""]}, {""ingredients"": [""tomato"", ""tomato"", ""tomato""]}, {""ingredients"": [""onion"", ""tomato""]}, {""ingredients"": [""onion"", ""onion"", ""tomato""]}], ""timestep"": 0}","[[0, 0], [-1, 0]]",0,59.832383394241326,0,0.1676204204559326,1,"[[""X"", ""X"", ""X"", ""D"", ""T"", ""X"", ""O"", ""X"", ""X"", ""X"", ""X""], [""X"", "" "", "" "", "" "", "" "", ""X"", "" "", "" "", "" "", "" "", ""X""], [""S"", "" "", "" "", "" "", "" "", ""P"", "" "", "" "", "" "", "" "", ""S""], [""X"", "" "", "" "", "" "", "" "", ""X"", "" "", "" "", "" "", "" "", ""X""], [""X"", ""X"", ""X"", ""X"", ""O"", ""X"", ""T"", ""D"", ""X"", ""X"", ""X""]]",soup_coordination,A2VO8C41JJIQY9:32Q90QCQ1XSJ10PEGYLDPNUG3CUKE61604356287.0562136,31ed9ef240374669a7bae897fc544c16,85a740ab46c5490983b0fd9d0de4adf6,True,True,214
"{""players"": [{""position"": [4, 3], ""orientation"": [0, -1], ""held_object"": null}, {""position"": [4, 1], ""orientation"": [0, -1], ""held_object"": null}], ""objects"": [], ""bonus_orders"": [{""ingredients"": [""onion"", ""tomato""]}], ""all_orders"": [{""ingredients"": [""onion"", ""tomato""]}, {""ingredients"": [""onion"", ""onion"", ""tomato""]}, {""ingredients"": [""onion"", ""tomato"", ""tomato""]}], ""timestep"": 0}","[[0, 0], [-1, 0]]",0,59.83704042434693,0,0.1629605293273925,1,"[[""X"", ""X"", ""X"", ""P"", ""D"", ""P"", ""X"", ""X"", ""X""], [""X"", "" "", "" "", "" "", "" "", "" "", "" "", "" "", ""X""], [""X"", "" "", ""X"", ""X"", ""X"", ""X"", ""X"", "" "", ""X""], [""X"", "" "", "" "", "" "", "" "", "" "", "" "", "" "", ""X""], [""X"", ""X"", ""X"", ""O"", ""S"", ""T"", ""X"", ""X"", ""X""]]",counter_circuit,A3V2XCDF45VN9X:3QIYRE09Y8OLP5G51NIEAVSQ9SCN111604698949.7548952,52e11ceac0c447e380e68d99e5b6069c,8e1ffcbf404d4a879654511ef7e4f18f,True,True,123
